SMILES,logP
COO,0.10580000000000006
CCCO,0.3887
CCCCCCN,1.5253999999999999
C,0.6361
